mode,alg,ds,skew,throughput
native,CHT,cache-fit,0.5,136.34
native,CHT,cache-fit,0.6,135.93
native,CHT,cache-fit,0.7,135.54
native,CHT,cache-fit,0.8,140.87
native,CHT,cache-fit,0.9,153.74
native,CHT,cache-fit,0.99,171.32
native,PHT,cache-fit,0.5,59.5
native,PHT,cache-fit,0.6,61.0
native,PHT,cache-fit,0.7,63.5
native,PHT,cache-fit,0.8,68.5
native,PHT,cache-fit,0.9,69.5
native,PHT,cache-fit,0.99,76.0
native,INL,cache-fit,0.5,26.59
native,INL,cache-fit,0.6,27.8
native,INL,cache-fit,0.7,28.45
native,INL,cache-fit,0.8,29.59
native,INL,cache-fit,0.9,32.72
native,INL,cache-fit,0.99,36.96
native,MWAY,cache-fit,0.5,19.98
native,MWAY,cache-fit,0.6,20.01
native,MWAY,cache-fit,0.7,19.39
native,MWAY,cache-fit,0.8,19.11
native,MWAY,cache-fit,0.9,19.13
native,MWAY,cache-fit,0.99,19.07
native,PSM,cache-fit,0.5,10.13
native,PSM,cache-fit,0.6,10.23
native,PSM,cache-fit,0.7,10.84
native,PSM,cache-fit,0.8,11.01
native,PSM,cache-fit,0.9,11.88
native,PSM,cache-fit,0.99,13.27
native,RHT,cache-fit,0.5,97.59
native,RHT,cache-fit,0.6,99.78
native,RHT,cache-fit,0.7,101.64
native,RHT,cache-fit,0.8,105.64
native,RHT,cache-fit,0.9,112.4
native,RHT,cache-fit,0.99,119.19
native,RHO,cache-fit,0.5,176.63
native,RHO,cache-fit,0.6,175.99
native,RHO,cache-fit,0.7,176.36
native,RHO,cache-fit,0.8,175.47
native,RHO,cache-fit,0.9,175.47
native,RHO,cache-fit,0.99,175.12
native,RSM,cache-fit,0.5,35.64
native,RSM,cache-fit,0.6,35.52
native,RSM,cache-fit,0.7,35.64
native,RSM,cache-fit,0.8,36.64
native,RSM,cache-fit,0.9,37.87
native,RSM,cache-fit,0.99,40.39
native,CHT,cache-exceed,0.5,66.31
native,CHT,cache-exceed,0.6,69.72
native,CHT,cache-exceed,0.7,72.49
native,CHT,cache-exceed,0.8,78.46
native,CHT,cache-exceed,0.9,88.71
native,CHT,cache-exceed,0.99,105.22
native,PHT,cache-exceed,0.5,42.0
native,PHT,cache-exceed,0.6,43.5
native,PHT,cache-exceed,0.7,44.5
native,PHT,cache-exceed,0.8,47.0
native,PHT,cache-exceed,0.9,50.5
native,PHT,cache-exceed,0.99,54.0
native,INL,cache-exceed,0.5,18.52
native,INL,cache-exceed,0.6,18.84
native,INL,cache-exceed,0.7,19.19
native,INL,cache-exceed,0.8,19.7
native,INL,cache-exceed,0.9,20.88
native,INL,cache-exceed,0.99,22.52
native,MWAY,cache-exceed,0.5,16.96
native,MWAY,cache-exceed,0.6,18.32
native,MWAY,cache-exceed,0.7,19.39
native,MWAY,cache-exceed,0.8,21.62
native,MWAY,cache-exceed,0.9,21.51
native,MWAY,cache-exceed,0.99,21.6
native,PSM,cache-exceed,0.5,10.38
native,PSM,cache-exceed,0.6,10.45
native,PSM,cache-exceed,0.7,10.73
native,PSM,cache-exceed,0.8,11.23
native,PSM,cache-exceed,0.9,12.79
native,PSM,cache-exceed,0.99,14.13
native,RHT,cache-exceed,0.5,108.0
native,RHT,cache-exceed,0.6,105.34
native,RHT,cache-exceed,0.7,105.8
native,RHT,cache-exceed,0.8,108.12
native,RHT,cache-exceed,0.9,114.25
native,RHT,cache-exceed,0.99,125.5
native,RHO,cache-exceed,0.5,200.67
native,RHO,cache-exceed,0.6,201.19
native,RHO,cache-exceed,0.7,199.87
native,RHO,cache-exceed,0.8,202.56
native,RHO,cache-exceed,0.9,201.87
native,RHO,cache-exceed,0.99,202.81
native,RSM,cache-exceed,0.5,31.27
native,RSM,cache-exceed,0.6,31.58
native,RSM,cache-exceed,0.7,32.12
native,RSM,cache-exceed,0.8,32.95
native,RSM,cache-exceed,0.9,34.95
native,RSM,cache-exceed,0.99,36.87
sgx,PSM,cache-fit,0.5,6.4
sgx,PSM,cache-fit,0.6,6.41
sgx,PSM,cache-fit,0.7,6.67
sgx,PSM,cache-fit,0.8,6.93
sgx,PSM,cache-fit,0.9,7.42
sgx,PSM,cache-fit,0.99,7.91
sgx,RHT,cache-fit,0.5,22.4
sgx,RHT,cache-fit,0.6,22.16
sgx,RHT,cache-fit,0.7,22.54
sgx,RHT,cache-fit,0.8,22.5
sgx,RHT,cache-fit,0.9,22.84
sgx,RHT,cache-fit,0.99,23.08
sgx,RHO,cache-fit,0.5,17.73
sgx,RHO,cache-fit,0.6,17.0
sgx,RHO,cache-fit,0.7,18.81
sgx,RHO,cache-fit,0.8,20.76
sgx,RHO,cache-fit,0.9,20.29
sgx,RHO,cache-fit,0.99,21.27
sgx,RSM,cache-fit,0.5,17.53
sgx,RSM,cache-fit,0.6,17.65
sgx,RSM,cache-fit,0.7,17.88
sgx,RSM,cache-fit,0.8,18.26
sgx,RSM,cache-fit,0.9,18.63
sgx,RSM,cache-fit,0.99,19.46
sgx,CHT,cache-fit,0.5,42.35
sgx,CHT,cache-fit,0.6,44.72
sgx,CHT,cache-fit,0.7,47.87
sgx,CHT,cache-fit,0.8,51.52
sgx,CHT,cache-fit,0.9,56.75
sgx,CHT,cache-fit,0.99,61.39
sgx,PHT,cache-fit,0.5,17.0
sgx,PHT,cache-fit,0.6,18.0
sgx,PHT,cache-fit,0.7,20.0
sgx,PHT,cache-fit,0.8,22.0
sgx,PHT,cache-fit,0.9,26.0
sgx,PHT,cache-fit,0.99,30.0
sgx,MWAY,cache-fit,0.5,6.54
sgx,MWAY,cache-fit,0.6,6.38
sgx,MWAY,cache-fit,0.7,6.32
sgx,MWAY,cache-fit,0.8,6.13
sgx,MWAY,cache-fit,0.9,6.01
sgx,MWAY,cache-fit,0.99,6.03
sgx,INL,cache-fit,0.5,14.24
sgx,INL,cache-fit,0.6,14.52
sgx,INL,cache-fit,0.7,14.68
sgx,INL,cache-fit,0.8,15.06
sgx,INL,cache-fit,0.9,15.66
sgx,INL,cache-fit,0.99,19.71
sgx,PSM,cache-exceed,0.5,5.97
sgx,PSM,cache-exceed,0.6,6.01
sgx,PSM,cache-exceed,0.7,6.27
sgx,PSM,cache-exceed,0.8,6.58
sgx,PSM,cache-exceed,0.9,6.98
sgx,PSM,cache-exceed,0.99,7.89
sgx,RHT,cache-exceed,0.5,16.42
sgx,RHT,cache-exceed,0.6,16.43
sgx,RHT,cache-exceed,0.7,16.4
sgx,RHT,cache-exceed,0.8,16.35
sgx,RHT,cache-exceed,0.9,16.47
sgx,RHT,cache-exceed,0.99,16.24
sgx,RHO,cache-exceed,0.5,18.78
sgx,RHO,cache-exceed,0.6,18.8
sgx,RHO,cache-exceed,0.7,18.81
sgx,RHO,cache-exceed,0.8,18.8
sgx,RHO,cache-exceed,0.9,18.79
sgx,RHO,cache-exceed,0.99,18.24
sgx,RSM,cache-exceed,0.5,12.2
sgx,RSM,cache-exceed,0.6,12.4
sgx,RSM,cache-exceed,0.7,12.64
sgx,RSM,cache-exceed,0.8,12.97
sgx,RSM,cache-exceed,0.9,13.71
sgx,RSM,cache-exceed,0.99,13.96
sgx,CHT,cache-exceed,0.5,1.13
sgx,CHT,cache-exceed,0.6,1.35
sgx,CHT,cache-exceed,0.7,1.55
sgx,CHT,cache-exceed,0.8,1.99
sgx,CHT,cache-exceed,0.9,3.13
sgx,CHT,cache-exceed,0.99,5.42
sgx,PHT,cache-exceed,0.5,0.01
sgx,PHT,cache-exceed,0.6,0.01
sgx,PHT,cache-exceed,0.7,0.01
sgx,PHT,cache-exceed,0.8,0.01
sgx,PHT,cache-exceed,0.9,0.01
sgx,PHT,cache-exceed,0.99,0.01
sgx,MWAY,cache-exceed,0.5,4.12
sgx,MWAY,cache-exceed,0.6,5.1
sgx,MWAY,cache-exceed,0.7,5.48
sgx,MWAY,cache-exceed,0.8,5.22
sgx,MWAY,cache-exceed,0.9,4.94
sgx,MWAY,cache-exceed,0.99,4.59
sgx,INL,cache-exceed,0.5,0.15
sgx,INL,cache-exceed,0.6,0.16
sgx,INL,cache-exceed,0.7,0.16
sgx,INL,cache-exceed,0.8,0.18
sgx,INL,cache-exceed,0.9,0.18
sgx,INL,cache-exceed,0.99,0.21

